Nama Paket;Segment;Hari;Harga;Maskapai;Keberangkatan;Sisa Seat;Nama File Flyer;Nama File PDF;;;;;;;;;;;;;;;;;
Umroh Awal Ramadhan;Umroh Ramadhan;9;30,9;FIT;9 February 2027;45;UMROH-AWAL-RAMADHAN_9HARI_9FEB27.webp;[ITINERARY]Default_9D.pdf;;;;;;;;;;;;;;;;;
Umroh Itikaf Madinah;Umroh Ramadhan;16;37,9;FIT;24 February 2027;45;UMROH-ITIKAF MADINAH_16HARI_24FEB27.webp;[ITINERARY]DEFAULT_ITIKAF_16D_MADINAH.pdf;;;;;;;;;;;;;;;;;
Umroh Itikaf Makkah;Umroh Ramadhan;16;39,7;FIT;24 February 2027;45;UMROH-ITIKAF-MAKKAH_16HARI_24FEB27.webp;[ITINERARY]DEFAULT_ITIKAF_16D_MAKKAH.pdf;;;;;;;;;;;;;;;;;
Umroh Hemat Awal Oktober;Umroh Hemat;9;26,9;OMAN;1 October 2026;10;UMROH-HEMAT-AWAL-OKTOBER_01OKT26_OMAN_9D.webp;[ITINERARY]Default_9D.pdf;;;;;;;;;;;;;;;;;
Umroh Nyaman Direct Bintang 3;Umroh Nyaman;9;28,5;SAUDIA;31 October 2026;19;UMROH-NYAMAN-DIRECT-FLIGHT-B3_31OKT26_SAUDIA_9D.webp;[ITINERARY]Default_9D.pdf;;;;;;;;;;;;;;;;;
Umroh Nyaman Direct Bintang 5;Umroh Nyaman;9;31,3;SAUDIA;31 October 2026;18;UMROH-NYAMAN-DIRECT-FLIGHT-B5_31OKT26_SAUDIA_9D.webp;[ITINERARY]Default_9D.pdf;;;;;;;;;;;;;;;;;
Umroh Hemat Musim Dingin;Umroh Hemat;9;26,9;OMAN;10 November 2026;22;UMROH-HEMAT-MUSIM-DINGIN_10NOV26_9D_OMAN_120526.webp;[ITINERARY]Default_9D.pdf;;;;;;;;;;;;;;;;;
Umroh Hemat Akhir Tahun Batch 1;Umroh Hemat;12;28,4;OMAN;6 December 2026;25;UMROH-HEMAT-AKHIR-TAHUN-BATCH1_06DES26_9D_OMAN_120526.webp;[ITINERARY]Default_12D.pdf;;;;;;;;;;;;;;;;;
Umroh Hemat Akhir Tahun Batch 2;Umroh Hemat;9;26,9;OMAN;8 December 2026;35;UMROH-HEMAT-AKHIR-TAHUN-BATCH1_06DES26_9D_OMAN_120526.webp;[ITINERARY]UMROH HEMAT - 08 DESEMBER 2026_OMAN_9D.pdf;;;;;;;;;;;;;;;;;
;;;;;;;;;;;;;;;;;;;;;;;;;
;;;;;;;;;;;;;;;;;;;;;;;;;
;;;;;;;;;;;;;;;;;;;;;;;;;
